{"counts":[95,95,95,95,96,96,96,97,97,98,98,99,100,101,102,103,105,107,108,111,113,116,119,122,126,131,136,141,147,154,162,171,182,196,215,240,277,330,407,519,678,896,1187,1559,2017,2556,3162,3807,4455,5061,5579,5966,6189,6233,6097,5800,5374,4861,4308,3756,3242,2789,2415,2121,1907,1763,1678,1640,1638,1661,1703,1757,1819,1887,1958,2031,2105,2181,2256,2332,2408,2484,2559,2634,2709,2782,2855,2927,2997,3066,3133,3198,3261,3322,3380,3435,3487,3535,3579,3620,3656,3688,3715,3737,3755,3767,3776,3780,3782,3782,3783,3787,3799,3823,3865,3933,4034,4176,4370,4622,4939,5325,5781,6302,6879,7497,8138,8777,9387,9940,10406,10761,10984,11060,10982,10751,10376,9873,9263,8571,7824,7051,6276,5522,4807,4145,3546,3014,2551,2156,1823,1547,1322,1142,998,886,800,735,687,654,632,619,614,616,623,635,650,669,690,712,736,759,783,805,825,843,857,869,877,880,879,874,865,851,834,812,787,759,728,696,661,626,590,554,518,482,448,415,383,354,326,300,276,254,234,216,199,185,172,161,151,142,135,128,123,118,114,111,108,105,103,102,100,99,98,98,97,96,96,96,95,95,95,95,95,95,95,94,94,94,94,94,94,94,94,94,94,94,94,94,94,94,94,94,94,94,94,94,94,94,94,94,94,94,94,94,94,94,94,94,94,94,94,94,94,94,94,94,94,94,94,94,94,94,94,94,94,94],"integrationUs":12000,"adcBits":14,"lux":4000,"anchor":{"referenceUmol":84.62182016561702,"referenceRange":"par","rawIntegral":53.931712652153145,"source":"lux","capturedAt":"2026-07-20T14:30:00.000Z","luxValue":4000,"meter":"bh1750-dlight","tolerancePct":15}}